term,estimate_log_odds,std_error,z_value,p_value,estimate,conf_low,conf_high,outcome,outcome_label,term_clean
(Intercept),-1.1227952141481552,0.09599450902730544,-11.696452490097933,1.3289377516767096e-31,0.3253690461862998,0.26956534463593723,0.3927248747763144,supp_comp,Comprehensive Support,Intercept
close_catDistant,-0.48237359500847354,0.4178961571737488,-1.1542905736936866,0.2483810597884613,0.61731639235606,0.2721368911313285,1.4003229282412826,supp_comp,Comprehensive Support,Closeness: Distant (vs. Close)
close_catLess Close,-1.4667853087221545,0.17094543301280632,-8.580429923578425,9.451919874440929e-18,0.23066581396518024,0.16499528893021612,0.3224741632151852,supp_comp,Comprehensive Support,Closeness: Less Close (vs. Close)
close_catEspecially Close,1.9589310906041695,0.04777930025022557,40.99957681140215,0,7.091742582037396,6.4577674501711355,7.787956633302063,supp_comp,Comprehensive Support,Closeness: Especially Close (vs. Close)
freq_catLess than Monthly,-0.3057659178911198,0.1587080701271696,-1.9265933839792502,0.05403032381686663,0.7365590145654518,0.5396504114133484,1.0053159795000761,supp_comp,Comprehensive Support,Frequency: Less than Monthly (vs. Weekly)
freq_catMonthly,-0.11633608631706965,0.06813860445362603,-1.7073447166979476,0.08775799926902719,0.890175997044974,0.7788882075511028,1.0173646205357696,supp_comp,Comprehensive Support,Frequency: Monthly (vs. Weekly)
freq_catDaily,0.20256573393484828,0.04392544567526837,4.611580618495584,3.996186134318561e-6,1.224540576346848,1.1235258944658364,1.3346373505995475,supp_comp,Comprehensive Support,Frequency: Daily (vs. Weekly)
pos_catTop 5,0.30587185799808203,0.041274902779568474,7.410601537491493,1.2572781607013683e-13,1.3578083031253738,1.2522889647337825,1.472218824852567,supp_comp,Comprehensive Support,Salience: Top 5 (vs. Middle 10)
pos_catBottom 5,-0.22066933947029882,0.07206615056443377,-3.062038665059543,0.0021983505416884102,0.8019818201856037,0.6963387727743134,0.9236522007035645,supp_comp,Comprehensive Support,Salience: Bottom 5 (vs. Middle 10)
duration_cat< 2 Years,-0.428909767110552,0.05171643989371441,-8.293489806955591,1.0997336619678277e-16,0.6512186878738787,0.588443720304733,0.7206904667392119,supp_comp,Comprehensive Support,Duration: < 2 Years (vs. 2-4 Years)
duration_cat5-10 Years,0.7441040371273743,0.07110181202753056,10.465331556378025,1.2463942046746627e-25,2.1045549868815483,1.8307843572650304,2.419264549225562,supp_comp,Comprehensive Support,Duration: 5-10 Years (vs. 2-4 Years)
duration_cat> 10 Years,0.8636044062218788,0.09812161888572511,8.80136728306179,1.3515921706459635e-18,2.3716938540632455,1.9567521514537705,2.8746265760956615,supp_comp,Comprehensive Support,Duration: > 10 Years (vs. 2-4 Years)
role_catFamily,-0.6208043759391301,0.09220870085686018,-6.732600830184489,1.6665681720489617e-11,0.5375119020164121,0.448640477782738,0.6439879126314926,supp_comp,Comprehensive Support,Role: Family (vs. Friend)
role_catRomantic Partner,1.6492990222564419,0.12391572627088068,13.309844294105675,2.029041518898714e-40,5.203331129187287,4.081335236665452,6.633773819101929,supp_comp,Comprehensive Support,Role: Romantic Partner (vs. Friend)
role_catAcquaintance,-0.8228917621683428,0.3529221911948932,-2.331652082806886,0.019719001515738962,0.4391598706442389,0.2198918912294966,0.877073687919575,supp_comp,Comprehensive Support,Role: Acquaintance (vs. Friend)
role_catOther,-1.0399603708516951,0.21933895508556958,-4.741339131692229,2.123102007375641e-6,0.3534686893443391,0.22995659096200868,0.5433204320177383,supp_comp,Comprehensive Support,Role: Other (vs. Friend)
ego_genderMen,-1.4047204173465901,0.11178767640476388,-12.565968472771006,3.2487236938083975e-36,0.2454356664162597,0.19714332768128387,0.30555772319405955,supp_comp,Comprehensive Support,Ego Gender: Men (vs. Women)
same_dormTRUE,0.08414896832231393,0.06234269124247334,1.3497808106330873,0.17708630191759567,1.0877909281291278,0.9626718276564455,1.2291718416655657,supp_comp,Comprehensive Support,Context: Same Dormitory
roommateTRUE,0.15702017462095338,0.07919731670084483,1.9826451344819158,0.04740708207461977,1.170019218357046,1.0017950430516844,1.3664920592486962,supp_comp,Comprehensive Support,Context: Roommate
(Intercept),0.5461648731811546,0.08577563441276657,6.367366174791767,1.923017044515122e-10,1.7266185029695458,1.4594280753064313,2.0427258494193623,supp_cas,Casual Companionship,Intercept
close_catDistant,-0.8759887448264253,0.30101671576949424,-2.91010000088241,0.0036131312998790143,0.4164500532116366,0.2308512979103351,0.7512656345875822,supp_cas,Casual Companionship,Closeness: Distant (vs. Close)
close_catLess Close,-0.33092800381316834,0.08811654973174715,-3.7555715109206056,1.72946369090561e-4,0.7182568789355392,0.6043290520142685,0.8536623258781236,supp_cas,Casual Companionship,Closeness: Less Close (vs. Close)
close_catEspecially Close,-1.4214639959505877,0.04302625696454249,-33.03712886579936,2.38108878903507e-239,0.24136040745964824,0.22184075826672636,0.26259758010313744,supp_cas,Casual Companionship,Closeness: Especially Close (vs. Close)
freq_catLess than Monthly,0.3237278864596482,0.1379827850013493,2.3461469230127694,0.01896862856049388,1.382271121250637,1.0547266437002458,1.8115342625084079,supp_cas,Casual Companionship,Frequency: Less than Monthly (vs. Weekly)
freq_catMonthly,0.24235672280752488,0.06412531960441588,3.779423234107911,1.5719204467613536e-4,1.274248665312398,1.1237497635396247,1.4449032282205008,supp_cas,Casual Companionship,Frequency: Monthly (vs. Weekly)
freq_catDaily,-0.11371603512568401,0.04308093123527942,-2.6395909249185583,0.008300615352707716,0.8925113617781918,0.8202429842628595,0.9711470212927626,supp_cas,Casual Companionship,Frequency: Daily (vs. Weekly)
pos_catTop 5,-0.36717167944695484,0.040838607096163444,-8.990798304711243,2.454411065110212e-19,0.692690714076979,0.6394061977348516,0.7504156623258859,supp_cas,Casual Companionship,Salience: Top 5 (vs. Middle 10)
pos_catBottom 5,0.1695058822054671,0.06386696960535457,2.654046109481541,0.007953295811423577,1.1847193157750615,1.0453237246305533,1.3427035320245764,supp_cas,Casual Companionship,Salience: Bottom 5 (vs. Middle 10)
duration_cat< 2 Years,0.38922384264066034,0.047396438244611254,8.212090550599827,2.17370245526337e-16,1.4758348691363572,1.3449096333297537,1.6195055095011655,supp_cas,Casual Companionship,Duration: < 2 Years (vs. 2-4 Years)
duration_cat5-10 Years,-0.5840541443512385,0.06662159227149433,-8.76673949747581,1.83914648677411e-18,0.5576330528225207,0.48937193996418515,0.6354157159540481,supp_cas,Casual Companionship,Duration: 5-10 Years (vs. 2-4 Years)
duration_cat> 10 Years,-0.7978205556102855,0.09357837247608128,-8.525693859595702,1.5189651234885623e-17,0.45030931953420433,0.37484818849289464,0.5409616198884254,supp_cas,Casual Companionship,Duration: > 10 Years (vs. 2-4 Years)
role_catFamily,-0.9169095419658504,0.09261420130922236,-9.900312576301904,4.149760017947069e-23,0.399752552532713,0.3333929760473047,0.47932054583461087,supp_cas,Casual Companionship,Role: Family (vs. Friend)
role_catRomantic Partner,-1.5733503653073053,0.12657308448401186,-12.430370735778695,1.7880318195746977e-35,0.20734932134091985,0.1617936354732956,0.26573196735934806,supp_cas,Casual Companionship,Role: Romantic Partner (vs. Friend)
role_catAcquaintance,-1.543477026378117,0.17545326001856004,-8.797083771568808,1.4041748578623367e-18,0.21363698708462214,0.15147034496251924,0.30131813763208,supp_cas,Casual Companionship,Role: Acquaintance (vs. Friend)
role_catOther,-0.9399415738898907,0.1440467724863856,-6.525252580572246,6.788703490446974e-11,0.3906506588901801,0.2945597977946924,0.518088138414935,supp_cas,Casual Companionship,Role: Other (vs. Friend)
ego_genderMen,1.1109067977995666,0.09858757793333053,11.268222843965322,1.8833278517134903e-29,3.037111191877546,2.5034634297959637,3.6845133354233277,supp_cas,Casual Companionship,Ego Gender: Men (vs. Women)
same_dormTRUE,-0.021573261252043268,0.056423805498174245,-0.38234325142676406,0.7022067772157895,0.9786577771486762,0.8761973570114148,1.0930996733891205,supp_cas,Casual Companionship,Context: Same Dormitory
roommateTRUE,-0.10498127149192472,0.07349962010113212,-1.4283240015047056,0.15319862256336889,0.9003413844792558,0.7795483800729545,1.0398515721758812,supp_cas,Casual Companionship,Context: Roommate
(Intercept),-5.005160707811307,0.22168207787438868,-22.57810264051825,7.113768049633388e-113,0.00670326399477647,0.004340969449102664,0.010351086021339079,supp_inst,Instrumental Support,Intercept
close_catDistant,1.0224024437411192,0.7101625762422227,1.4396737844890288,0.14995971361739013,2.779865217854647,0.6910685848223426,11.182176124276667,supp_inst,Instrumental Support,Closeness: Distant (vs. Close)
close_catLess Close,-0.08063510635105428,0.293977851404938,-0.2742897329363223,0.783861973995916,0.9225302554670167,0.5184914739638562,1.6414196085919943,supp_inst,Instrumental Support,Closeness: Less Close (vs. Close)
close_catEspecially Close,-0.16848697562391074,0.1190002233831661,-1.4158542802176377,0.15681817331868667,0.8449422681931458,0.6691631256965807,1.0668959617824112,supp_inst,Instrumental Support,Closeness: Especially Close (vs. Close)
freq_catLess than Monthly,-0.41891418555672255,0.3043384431784636,-1.376474760078443,0.16867469631936574,0.6577606382089503,0.3622511460140414,1.1943345436932733,supp_inst,Instrumental Support,Frequency: Less than Monthly (vs. Weekly)
freq_catMonthly,-0.4799062793438418,0.14026334752739564,-3.421466033741342,6.228450433636264e-4,0.6188413873092866,0.4700940769909812,0.8146553666410685,supp_inst,Instrumental Support,Frequency: Monthly (vs. Weekly)
freq_catDaily,-0.26319725878361633,0.09271906560761346,-2.838653054350931,0.00453043864563895,0.7685902711748671,0.640871296716905,0.9217623069887649,supp_inst,Instrumental Support,Frequency: Daily (vs. Weekly)
pos_catTop 5,0.35953598625378896,0.0921884161743329,3.9000126173540983,9.618767514569065e-5,1.4326644842894591,1.195837396942704,1.7163934911150167,supp_inst,Instrumental Support,Salience: Top 5 (vs. Middle 10)
pos_catBottom 5,0.29467169866246734,0.17309995094063846,1.7023210986554222,0.08869519177385243,1.3426854808805913,0.9563759355732848,1.8850372886963966,supp_inst,Instrumental Support,Salience: Bottom 5 (vs. Middle 10)
duration_cat< 2 Years,-0.2500755781548442,0.20155420808563432,-1.240736080531718,0.21470326092185632,0.7787419249694505,0.5245986284595793,1.1560056637697669,supp_inst,Instrumental Support,Duration: < 2 Years (vs. 2-4 Years)
duration_cat5-10 Years,0.2587130069738348,0.23860635726411764,1.0842670326988009,0.27824641798355987,1.295262020313932,0.8114313814579817,2.0675854294089877,supp_inst,Instrumental Support,Duration: 5-10 Years (vs. 2-4 Years)
duration_cat> 10 Years,0.5907570805599714,0.27995643082168525,2.1101750684064364,0.03484327917174869,1.8053546970849612,1.042938777833343,3.1251168827548907,supp_inst,Instrumental Support,Duration: > 10 Years (vs. 2-4 Years)
role_catFamily,2.5630907490712334,0.22842299744867753,11.220808665060588,3.223095644275113e-29,12.975860530785065,8.292750289942255,20.303632766875236,supp_inst,Instrumental Support,Role: Family (vs. Friend)
role_catRomantic Partner,0.2540450708132425,0.3466633130693678,0.7328294089268331,0.46366248193569226,1.2892299095988493,0.6534985120574393,2.5434086369551916,supp_inst,Instrumental Support,Role: Romantic Partner (vs. Friend)
role_catAcquaintance,-12.746083206768224,271.9922539206442,-0.04686193456997121,0.9626232665569777,2.913710489317362e-6,8.708950077031473e-238,9748257528708839e210,supp_inst,Instrumental Support,Role: Acquaintance (vs. Friend)
role_catOther,0.8025397624301066,0.45420014134515724,1.7669297945467568,0.0772399865167778,2.2312004576168563,0.9160425031127286,5.434524560982126,supp_inst,Instrumental Support,Role: Other (vs. Friend)
ego_genderMen,0.4158372135940181,0.15236677637830642,2.7291856103954686,0.006349095680373582,1.5156391233420505,1.1243424005348495,2.0431160037300913,supp_inst,Instrumental Support,Ego Gender: Men (vs. Women)
same_dormTRUE,-0.6856841813660851,0.2732098406778902,-2.5097345676303626,0.012082194142193943,0.5037454583893842,0.29488333687089685,0.860541967344291,supp_inst,Instrumental Support,Context: Same Dormitory
roommateTRUE,0.08868733091905603,0.3908267814831667,0.22692234800924432,0.8204841241141225,1.0927389372274012,0.5079698615668341,2.350687462539083,supp_inst,Instrumental Support,Context: Roommate
(Intercept),-3.172166111379827,0.14905416179760772,-21.2819694071148,1.667876045878276e-100,0.041912711902170746,0.031294520254529785,0.05613364271785225,supp_per,Peripheral Support,Intercept
close_catDistant,1.2833343182045276,0.36103836779975584,3.554564923460734,3.786050246204659e-4,3.6086520822620503,1.7783733840408322,7.322629751253201,supp_per,Peripheral Support,Closeness: Distant (vs. Close)
close_catLess Close,1.309848256698165,0.10882882550649368,12.035857693052177,2.3022877759565323e-33,3.705611367841009,2.993800823913151,4.586663047117546,supp_per,Peripheral Support,Closeness: Less Close (vs. Close)
close_catEspecially Close,-1.5946867940460268,0.09264524343071562,-17.212829660689565,2.1277607859648093e-66,0.2029720906152795,0.16926809311832824,0.24338709564086394,supp_per,Peripheral Support,Closeness: Especially Close (vs. Close)
freq_catLess than Monthly,0.22920364253895106,0.1969700548182531,1.1636471480420734,0.24456703607696187,1.2575981134079284,0.8548257218594982,1.8501467309697186,supp_per,Peripheral Support,Frequency: Less than Monthly (vs. Weekly)
freq_catMonthly,0.22037172173780914,0.10711714644504594,2.0572964184671028,0.039657721667430555,1.24654001049539,1.010476614111455,1.5377515679887441,supp_per,Peripheral Support,Frequency: Monthly (vs. Weekly)
freq_catDaily,-0.1260177411431279,0.08086220610845199,-1.5584257121814549,0.11913236541913386,0.8815992060669781,0.7523845883269744,1.0330051574636452,supp_per,Peripheral Support,Frequency: Daily (vs. Weekly)
pos_catTop 5,-0.06869597393563842,0.07983496905777017,-0.8604747361513806,0.389527404035245,0.9336104788544363,0.7983784759818359,1.0917485283591746,supp_per,Peripheral Support,Salience: Top 5 (vs. Middle 10)
pos_catBottom 5,-0.18024032204677617,0.11281334228833725,-1.5976862168138208,0.11011282775789748,0.8350695016829068,0.6694127302835892,1.0417206621474284,supp_per,Peripheral Support,Salience: Bottom 5 (vs. Middle 10)
duration_cat< 2 Years,-0.005784587759050866,0.09693920956316268,-0.05967232232569219,0.9524166160250604,0.9942321107551981,0.8221886257766273,1.2022758027368918,supp_per,Peripheral Support,Duration: < 2 Years (vs. 2-4 Years)
duration_cat5-10 Years,-0.7092839635606425,0.1581456345068623,-4.485005013084095,7.291222037127276e-6,0.49199635868663455,0.3608657017441505,0.6707770114781525,supp_per,Peripheral Support,Duration: 5-10 Years (vs. 2-4 Years)
duration_cat> 10 Years,-0.32434561207782164,0.2020601266002484,-1.6051935507271076,0.10845121633405701,0.7230003215511047,0.48656564161746063,1.0743246547892755,supp_per,Peripheral Support,Duration: > 10 Years (vs. 2-4 Years)
role_catFamily,1.7452903516802643,0.1931791301592857,9.034569884651548,1.6464864062950818e-19,5.727564241917563,3.9222256344198905,8.363871740934322,supp_per,Peripheral Support,Role: Family (vs. Friend)
role_catRomantic Partner,-0.2507306648822852,0.35163841773711135,-0.7130354711973881,0.4758238078960308,0.7782319485279378,0.39065050663132905,1.5503498790573942,supp_per,Peripheral Support,Role: Romantic Partner (vs. Friend)
role_catAcquaintance,2.2510341118174075,0.2013464570175561,11.179904256379004,5.11451344530018e-29,9.497552290888363,6.400621250613751,14.092928793358803,supp_per,Peripheral Support,Role: Acquaintance (vs. Friend)
role_catOther,2.487399653152015,0.19442415099602944,12.793676302090747,1.7785714508471084e-37,12.029953361770497,8.218011889306247,17.610071612903244,supp_per,Peripheral Support,Role: Other (vs. Friend)
ego_genderMen,0.5681363877792508,0.1560969267002333,3.639638523250962,2.730210349921887e-4,1.764974756080921,1.2997688116324773,2.3966845963093797,supp_per,Peripheral Support,Ego Gender: Men (vs. Women)
same_dormTRUE,-0.25334134614208925,0.1150763387192206,-2.201506834174026,0.027700163417064414,0.7762028827386018,0.6194700218077499,0.9725909147524436,supp_per,Peripheral Support,Context: Same Dormitory
roommateTRUE,0.15507768622847642,0.16778097764547206,0.9242864620574676,0.3553371893810412,1.1677486755718607,0.8404876415274741,1.6224354790293005,supp_per,Peripheral Support,Context: Roommate
